Strategy,Total Invested,Final Corpus,XIRR (%)
Naive Regular,30000.0,30685.379171248765,19.403901657152698
Model-Guided,30000.0,30692.004670396418,19.604314430323296
Direct Plan Benchmark,30000.0,30721.59394641274,20.502446085528604
