Strategy,Total Invested,Final Corpus,XIRR (%)
Naive Regular,30000.0,29194.796838353104,-19.64905873287346
Model-Guided,30000.0,29225.585618500314,-18.956225175920636
Direct Plan Benchmark,30000.0,29229.912010501765,-18.85850977185779
