Strategy,Total Invested,Final Corpus,XIRR (%)
Naive Regular,30000.0,30685.379171248765,19.403901657152698
Model-Guided,30000.0,30850.279547153703,24.467706544889353
Direct Plan Benchmark,30000.0,30721.59394641274,20.502446085528604
